{"cameraMode":{"drawMode":0,"name":"Shaded","section":"Shading Mode"},"sceneLighting":true,"audioPlay":false,"sceneViewState":{"m_AlwaysRefresh":false,"showFog":true,"showSkybox":true,"showFlares":true,"showImageEffects":true,"showParticleSystems":true,"showVisualEffectGraphs":true,"m_FxEnabled":true},"in2DMode":false,"pivot":{"x":345.12591552734377,"y":453.57171630859377,"z":-69.78402709960938},"rotation":{"x":-0.0798116996884346,"y":0.023209884762763978,"z":-0.0011976271634921432,"w":-0.9975762367248535},"size":677.9810180664063,"orthographic":false}