{"cameraMode":{"drawMode":0,"name":"Shaded","section":"Shading Mode"},"sceneLighting":true,"audioPlay":false,"sceneViewState":{"m_AlwaysRefresh":false,"showFog":true,"showSkybox":true,"showFlares":true,"showImageEffects":true,"showParticleSystems":true,"showVisualEffectGraphs":true,"m_FxEnabled":true},"in2DMode":false,"pivot":{"x":-31.26641845703125,"y":16.322917938232423,"z":130.89317321777345},"rotation":{"x":0.046210531145334247,"y":-0.6749900579452515,"z":0.026308542117476465,"w":0.7375497817993164},"size":24.83951187133789,"orthographic":false}