{"cameraMode":{"drawMode":0,"name":"Shaded","section":"Shading Mode"},"sceneLighting":true,"audioPlay":false,"sceneViewState":{"m_AlwaysRefresh":false,"showFog":true,"showSkybox":true,"showFlares":true,"showImageEffects":true,"showParticleSystems":true,"showVisualEffectGraphs":true,"m_FxEnabled":true},"in2DMode":false,"pivot":{"x":57.03644943237305,"y":16.652267456054689,"z":122.19190979003906},"rotation":{"x":0.04892534390091896,"y":-0.9550032615661621,"z":0.13325855135917664,"w":0.2649843394756317},"size":16.99420738220215,"orthographic":false}