{"cameraMode":{"drawMode":0,"name":"Shaded","section":"Shading Mode"},"sceneLighting":true,"audioPlay":false,"sceneViewState":{"m_AlwaysRefresh":false,"showFog":true,"showSkybox":true,"showFlares":true,"showImageEffects":true,"showParticleSystems":true,"showVisualEffectGraphs":true,"m_FxEnabled":true},"in2DMode":false,"pivot":{"x":45.244537353515628,"y":14.141387939453125,"z":120.36600494384766},"rotation":{"x":-0.03720121458172798,"y":-0.8314200043678284,"z":-0.07690924406051636,"w":0.5511958003044128},"size":22.601293563842775,"orthographic":false}