{"cameraMode":{"drawMode":0,"name":"Shaded","section":"Shading Mode"},"sceneLighting":true,"audioPlay":false,"sceneViewState":{"m_AlwaysRefresh":false,"showFog":true,"showSkybox":true,"showFlares":true,"showImageEffects":true,"showParticleSystems":true,"showVisualEffectGraphs":true,"m_FxEnabled":true},"in2DMode":false,"pivot":{"x":26.410037994384767,"y":25.969032287597658,"z":-26.942047119140626},"rotation":{"x":0.11241181194782257,"y":-0.3101024627685547,"z":0.04262103512883186,"w":0.9438180327415466},"size":10.992870330810547,"orthographic":false}