{"cameraMode":{"drawMode":0,"name":"Shaded","section":"Shading Mode"},"sceneLighting":true,"audioPlay":false,"sceneViewState":{"m_AlwaysRefresh":false,"showFog":true,"showSkybox":true,"showFlares":true,"showImageEffects":true,"showParticleSystems":true,"showVisualEffectGraphs":true,"m_FxEnabled":true},"in2DMode":false,"pivot":{"x":905.8275146484375,"y":1082.6126708984375,"z":-186.50662231445313},"rotation":{"x":0.00626513222232461,"y":0.03573575243353844,"z":-0.0021129795350134374,"w":-1.000308871269226},"size":416.91204833984377,"orthographic":false}